segment_id,rate_of_penetration
wellbore_chev_no_14_665,70.73797308912808
wellbore_chev_no_14_681,115.77662030022611
wellbore_chev_no_14_682,114.15164920688095
wellbore_chev_no_14_683,116.38828732827706
wellbore_chev_no_14_684,107.34055448964557
wellbore_chev_no_14_685,91.37602241025783
wellbore_chev_no_14_686,89.93076139457324
wellbore_chev_no_14_687,91.68910169055104
wellbore_chev_no_14_688,91.60217176755609
wellbore_chev_no_14_689,93.49973590168742
wellbore_chev_no_14_690,106.81255685586379
wellbore_chev_no_14_691,113.10916548532049
wellbore_chev_no_14_692,116.22173771236955
wellbore_chev_no_14_693,115.39463989145587
wellbore_chev_no_14_694,115.46084010023911
wellbore_chev_no_14_695,115.12156227626328
wellbore_chev_no_14_696,122.82748132268057
wellbore_chev_no_14_697,120.29465287140216
wellbore_chev_no_14_698,121.07567434119206
wellbore_chev_no_14_699,119.05545500300687
wellbore_chev_no_14_700,136.3788924626885
wellbore_chev_no_14_701,135.14354404480787
wellbore_chev_no_14_702,138.0434484921551
wellbore_chev_no_14_703,137.51940439155106
wellbore_chev_no_14_704,133.8611388072444
wellbore_chev_no_14_705,137.23906219357062
wellbore_chev_no_14_706,134.89967922898973
wellbore_chev_no_14_707,132.8271464729354
wellbore_chev_no_14_708,126.9408810098265
wellbore_chev_no_14_709,127.61148867605901
wellbore_chev_no_14_710,131.43019821469701
wellbore_chev_no_14_711,136.604838268258
wellbore_chev_no_14_712,137.05012743011164
wellbore_chev_no_14_713,131.50608450134467
wellbore_chev_no_14_714,130.95587721568467
wellbore_chev_no_14_715,132.89223364983332
wellbore_chev_no_14_716,136.12756154487153
wellbore_chev_no_14_717,130.7588532299302
wellbore_chev_no_14_718,131.66753128110162
wellbore_chev_no_14_719,132.0217671691469
wellbore_chev_no_14_720,133.01866035233476
wellbore_chev_no_14_721,129.9198112754306
wellbore_chev_no_14_722,126.53867456222028
wellbore_chev_no_14_723,123.63113064769551
wellbore_chev_no_14_724,125.00403036931212
wellbore_chev_no_14_725,123.77125359820167
wellbore_chev_no_14_726,133.50807856508266
wellbore_chev_no_14_727,139.2646068755294
wellbore_chev_no_14_728,138.65036268270575
wellbore_chev_no_14_729,132.81976654860478
wellbore_chev_no_14_730,129.40684688676617
wellbore_chev_no_14_731,128.5450463699983
wellbore_chev_no_14_732,113.54635756354222
wellbore_chev_no_14_733,110.95538802645454
wellbore_chev_no_14_734,126.59659939780578
wellbore_chev_no_14_735,136.55679748614997
wellbore_chev_no_14_736,120.81236621514215
wellbore_chev_no_14_737,130.8994201160919
wellbore_chev_no_14_738,130.3360639291455
wellbore_chev_no_14_739,127.05199846530714
wellbore_chev_no_14_740,125.73639001545732
wellbore_chev_no_14_741,124.83131768649804
wellbore_chev_no_14_742,123.96171898160303
wellbore_chev_no_14_743,123.94913724103048
wellbore_chev_no_14_744,126.0563936185352
wellbore_chev_no_14_745,128.552229035295
wellbore_chev_no_14_746,122.62537308063689
wellbore_chev_no_14_747,127.35138774965378
wellbore_chev_no_14_748,125.26673921522013
wellbore_chev_no_14_749,130.06972235843853
wellbore_chev_no_14_750,120.99761518923651
wellbore_chev_no_14_751,114.09147614957533
wellbore_chev_no_14_752,114.42758992077029
wellbore_chev_no_14_753,118.62642490818384
wellbore_chev_no_14_754,120.53637322997099
wellbore_chev_no_14_755,120.69992375149263
wellbore_chev_no_14_756,122.74765414188234
wellbore_chev_no_14_757,127.58857934380356
wellbore_chev_no_14_758,127.14627433062789
wellbore_chev_no_14_759,114.61306298324331
wellbore_chev_no_14_760,105.18741483892933
wellbore_chev_no_14_761,106.44360379627207
wellbore_chev_no_14_762,105.50851530503175
wellbore_chev_no_14_763,103.22202127522553
wellbore_chev_no_14_764,115.5698273075742
wellbore_chev_no_14_765,116.6378692913787
wellbore_chev_no_14_766,117.98132772317597
wellbore_chev_no_14_767,111.6107154965841
wellbore_chev_no_14_768,98.45213689713529
wellbore_chev_no_14_769,93.85627206164261
wellbore_chev_no_14_770,100.18840544970587
wellbore_chev_no_14_771,108.07836507330967
wellbore_chev_no_14_772,105.88362552990756
wellbore_chev_no_14_773,102.9561316614465
wellbore_chev_no_14_774,104.96801267046962
wellbore_chev_no_14_775,98.63402283697118
wellbore_chev_no_14_776,98.23927949802933
wellbore_chev_no_14_777,106.41715246955988
wellbore_chev_no_14_778,109.25803123943118
wellbore_chev_no_14_779,103.71298149049966
wellbore_chev_no_14_780,101.80211051603786
wellbore_chev_no_14_781,96.76448713355123
wellbore_chev_no_14_782,94.25029203788901
wellbore_chev_no_14_783,96.29009893880337
wellbore_chev_no_14_784,97.22878237891703
wellbore_chev_no_14_785,94.9932161591585
wellbore_chev_no_14_786,92.75151413291161
wellbore_chev_no_14_787,97.05176820031446
wellbore_chev_no_14_788,97.22465885032003
wellbore_chev_no_14_789,97.4283326745284
wellbore_chev_no_14_790,95.98307042420359
wellbore_chev_no_14_791,95.44642374833373
wellbore_chev_no_14_792,106.09309004498652
wellbore_chev_no_14_793,107.7704828996522
wellbore_chev_no_14_794,100.07882519173529
wellbore_chev_no_14_795,111.50045231381492
wellbore_chev_no_14_796,110.72202024559168
wellbore_chev_no_14_797,108.25451228819358
wellbore_chev_no_14_798,95.42699958014452
wellbore_chev_no_14_799,99.48777127013582
wellbore_chev_no_14_800,104.12912961343648
wellbore_chev_no_14_801,107.9053226855157
wellbore_chev_no_14_802,83.36605559210079
wellbore_chev_no_14_803,68.59997012077653
wellbore_chev_no_14_804,65.32885714774199
wellbore_chev_no_14_805,88.18070553971492
wellbore_chev_no_14_806,97.24521356063602
wellbore_chev_no_14_807,92.98130402607384
wellbore_chev_no_14_808,94.21398295577484
wellbore_chev_no_14_809,94.52883280353848
wellbore_chev_no_14_810,93.69387030964353
wellbore_chev_no_14_811,90.88679967795571
wellbore_chev_no_14_812,87.71166501556141
wellbore_chev_no_14_813,91.15335636782271
wellbore_chev_no_14_814,90.5066465300884
wellbore_chev_no_14_815,88.35680623950114
wellbore_chev_no_14_816,87.22229332450948
wellbore_chev_no_14_817,90.34115842999995
wellbore_chev_no_14_818,90.71650724998446
wellbore_chev_no_14_819,83.20651571329287
wellbore_chev_no_14_820,82.73477952615823
wellbore_chev_no_14_821,84.2587265476576
wellbore_chev_no_14_822,85.65645472479551
wellbore_chev_no_14_823,83.56920789855238
wellbore_chev_no_14_824,82.9088937393947
wellbore_chev_no_14_825,79.79096934603811
wellbore_chev_no_14_826,91.62587017757875
wellbore_chev_no_14_827,94.18925967610909
wellbore_chev_no_14_828,94.74688342257909
wellbore_chev_no_14_829,94.07400130635997
wellbore_chev_no_14_830,94.49752043378831
wellbore_chev_no_14_831,96.35640868668591
wellbore_chev_no_14_832,96.17667833649605
wellbore_chev_no_14_833,87.92478950001467
wellbore_chev_no_14_834,71.16349964601974
wellbore_chev_no_14_835,68.50960981445195
wellbore_chev_no_14_836,68.08122698725367
wellbore_chev_no_14_837,69.27889793028595
wellbore_chev_no_14_838,82.58285116772376
wellbore_chev_no_14_839,83.4804878468606
wellbore_chev_no_14_840,83.76773477444348
wellbore_chev_no_14_841,91.98550120582959
wellbore_chev_no_14_842,92.13539193128796
wellbore_chev_no_14_843,90.59260127471035
wellbore_chev_no_14_844,86.98604926561379
wellbore_chev_no_14_845,84.8865221844791
wellbore_chev_no_14_846,68.83222052435718
wellbore_chev_no_14_847,84.6003375577744
wellbore_chev_no_14_848,84.0892689945317
wellbore_chev_no_14_849,84.56307225780955
wellbore_chev_no_14_850,86.43248711861574
wellbore_chev_no_14_851,83.87013350426042
wellbore_chev_no_14_852,83.82675468480875
wellbore_chev_no_14_853,66.38938348634125
wellbore_chev_no_14_854,6.327495382966788
wellbore_chev_no_14_855,0.8048311186866499
wellbore_chev_no_14_856,110.42400369515366
wellbore_chev_no_14_857,112.1370194317208
wellbore_chev_no_14_858,112.26610248607375
wellbore_chev_no_14_859,112.05233209501495
wellbore_chev_no_14_860,112.01742767698475
wellbore_chev_no_14_861,80.69951869813488
wellbore_chev_no_14_862,80.77365994418338
wellbore_chev_no_14_863,106.87518321539076
wellbore_chev_no_14_864,110.80553517672995
wellbore_chev_no_14_865,111.01978208859882
wellbore_chev_no_14_866,110.85262754961349
wellbore_chev_no_14_867,111.12886026654425
wellbore_chev_no_14_868,110.50417582525236
wellbore_chev_no_14_869,110.4695640423333
wellbore_chev_no_14_870,110.71079006044967
wellbore_chev_no_14_871,110.7541611111368
wellbore_chev_no_14_872,110.55623887203708
wellbore_chev_no_14_873,95.01789481377565
wellbore_chev_no_14_874,94.93987143231988
wellbore_chev_no_14_875,98.34449043676054
wellbore_chev_no_14_876,96.16125677678838
wellbore_chev_no_14_877,94.94834402039254
wellbore_chev_no_14_878,95.42856681797306
wellbore_chev_no_14_879,96.79549473411674
wellbore_chev_no_14_880,106.94695060527303
wellbore_chev_no_14_881,108.4733897760658
wellbore_chev_no_14_882,93.5517308645693
wellbore_chev_no_14_883,92.5065302881494
wellbore_chev_no_14_884,95.37129685258486
wellbore_chev_no_14_885,93.99949299731614
wellbore_chev_no_14_886,96.82555581038429
wellbore_chev_no_14_887,89.6832338389012
wellbore_chev_no_14_888,82.38261464994426
wellbore_chev_no_14_889,89.39853199194229
wellbore_chev_no_14_890,88.71549197592549
wellbore_chev_no_14_891,86.27945643009727
wellbore_chev_no_14_892,85.35876802496804
wellbore_chev_no_14_893,96.44500404252923
wellbore_chev_no_14_894,94.57817188014994
wellbore_chev_no_14_895,94.31770303504513
wellbore_chev_no_14_896,94.29520637971504
wellbore_chev_no_14_897,104.3780193460432
wellbore_chev_no_14_898,98.32567311826372
wellbore_chev_no_14_899,98.5205813363929
wellbore_chev_no_14_900,98.93096803743876
wellbore_chev_no_14_901,100.7529331482987
wellbore_chev_no_14_902,88.1422941137632
wellbore_chev_no_14_903,90.88449075980353
wellbore_chev_no_14_904,89.96233748274065
wellbore_chev_no_14_905,91.64539690569396
wellbore_chev_no_14_906,92.40485740407516
wellbore_chev_no_14_907,68.8787774338663
wellbore_chev_no_14_908,63.560207349467305
wellbore_chev_no_14_909,63.4479826562976
wellbore_chev_no_14_910,64.16562114883348
wellbore_chev_no_14_911,64.25030325778056
wellbore_chev_no_14_912,63.2998318771042
wellbore_chev_no_14_913,63.08847679219386
wellbore_chev_no_14_914,64.87484153302378
wellbore_chev_no_14_915,65.17740547123478
wellbore_chev_no_14_916,62.66534801351844
wellbore_chev_no_14_917,64.07749749894899
wellbore_chev_no_14_918,64.56540470281348
wellbore_chev_no_14_919,64.53278701748962
wellbore_chev_no_14_920,64.39348173136634
wellbore_chev_no_14_921,64.20959581330303
wellbore_chev_no_14_922,64.15564245904628
wellbore_chev_no_14_923,63.96628988746531
wellbore_chev_no_14_924,63.74114445198924
wellbore_chev_no_14_925,63.53392108592388
wellbore_chev_no_14_926,63.44067344607586
wellbore_chev_no_14_927,62.70159418346799
wellbore_chev_no_14_928,62.37439625821398
wellbore_chev_no_14_929,62.961874539118384
wellbore_chev_no_14_930,62.829870213406224
wellbore_chev_no_14_931,62.65633919829648
wellbore_chev_no_14_932,63.56239171170185
wellbore_chev_no_14_933,63.53915021673728
wellbore_chev_no_14_934,63.88805907664019
wellbore_chev_no_14_935,63.3050055886186
wellbore_chev_no_14_936,61.24014330521979
wellbore_chev_no_14_937,61.4433563065688
wellbore_chev_no_14_938,61.17600729383392
wellbore_chev_no_14_939,61.22443139989028
wellbore_chev_no_14_940,63.213802817076015
wellbore_chev_no_14_941,62.35776475289978
wellbore_chev_no_14_942,62.10825508242684
wellbore_chev_no_14_943,63.454772249686926
wellbore_chev_no_14_944,62.18390190955708
wellbore_chev_no_14_945,61.023412190481196
wellbore_chev_no_14_946,61.22517601947871
wellbore_chev_no_14_947,61.380638806079986
wellbore_chev_no_14_948,59.66318295846665
wellbore_chev_no_14_949,62.60838684675994
wellbore_chev_no_14_950,62.508255571370654
wellbore_chev_no_14_951,62.06291355711582
wellbore_chev_no_14_952,62.719946628806696
wellbore_chev_no_14_953,62.206706883423465
wellbore_chev_no_14_954,61.282213528472624
wellbore_chev_no_14_955,62.186331203109006
wellbore_chev_no_14_956,57.04501668332367
wellbore_chev_no_14_957,53.446613728883534
wellbore_chev_no_14_958,57.218871841239036
wellbore_chev_no_14_959,61.68250962077954
wellbore_chev_no_14_960,59.149666815140904
wellbore_chev_no_14_961,57.606890179323585
wellbore_chev_no_14_962,59.018570609671286
wellbore_chev_no_16_732,74.95512864171133
wellbore_chev_no_16_733,78.33019557155038
wellbore_chev_no_16_734,74.01071577867205
wellbore_chev_no_16_735,59.51166680127912
wellbore_chev_no_16_736,70.68795144946577
wellbore_chev_no_16_737,72.55072881555819
wellbore_chev_no_16_738,72.76584257836367
wellbore_chev_no_16_739,58.347430710350324
wellbore_chev_no_16_740,63.47391034796277
wellbore_chev_no_16_741,70.94222216097134
wellbore_chev_no_16_742,74.61668393782415
wellbore_chev_no_16_743,52.93196643224704
wellbore_chev_no_16_744,55.88551996149371
wellbore_chev_no_16_745,60.54165357476083
wellbore_chev_no_16_746,65.89516050212583
wellbore_chev_no_16_747,69.10187834632049
wellbore_chev_no_16_748,72.3626681140968
wellbore_chev_no_16_749,70.51104624658618
wellbore_chev_no_16_750,73.31270830436685
wellbore_chev_no_16_751,73.4072573433954
wellbore_chev_no_16_752,71.48150968108101
wellbore_chev_no_16_753,74.80793998508275
wellbore_chev_no_16_754,73.02940394602021
wellbore_chev_no_16_755,72.25480994122941
wellbore_chev_no_16_756,71.94491881608766
wellbore_chev_no_16_757,64.9241060371327
wellbore_chev_no_16_758,72.82835528221003
wellbore_chev_no_16_759,68.95852615846991
wellbore_chev_no_16_760,55.38537852592856
wellbore_chev_no_16_761,56.15588639193808
wellbore_chev_no_16_762,64.37054750814761
wellbore_chev_no_16_763,63.19531637030161
wellbore_chev_no_16_764,49.80259458979069
wellbore_chev_no_16_765,35.16103717046576
wellbore_chev_no_16_766,49.480476981336636
wellbore_chev_no_16_767,66.21099217163018
wellbore_chev_no_16_768,65.10711988314222
wellbore_chev_no_16_769,62.37523648870288
wellbore_chev_no_16_770,43.351673106052345
wellbore_chev_no_16_771,48.09134817645068
wellbore_chev_no_16_772,68.02973178439416
wellbore_chev_no_16_773,70.65070261539435
wellbore_chev_no_16_774,65.6381238706332
wellbore_chev_no_16_775,44.98519081897166
wellbore_chev_no_16_776,47.59006595051531
wellbore_chev_no_16_777,49.14148300393285
wellbore_chev_no_16_778,50.88289080569598
wellbore_chev_no_16_779,47.55761016808154
wellbore_chev_no_16_780,51.578506374538335
wellbore_chev_no_16_781,37.582064863555445
wellbore_chev_no_16_782,31.573835369771615
wellbore_chev_no_16_783,28.24500381906978
wellbore_chev_no_16_784,36.447119590550045
wellbore_chev_no_16_785,33.00237826591771
wellbore_chev_no_16_786,27.961174169244202
wellbore_chev_no_16_787,34.34574685033962
wellbore_chev_no_16_788,44.91802503233069
wellbore_chev_no_16_789,47.354820192639835
wellbore_chev_no_16_790,47.07621821551314
wellbore_chev_no_16_791,44.59743604066139
wellbore_chev_no_16_792,44.448450132752356
wellbore_chev_no_16_793,48.702736142478244
wellbore_chev_no_16_794,47.30872338343872
wellbore_chev_no_16_795,45.52427502122609
wellbore_chev_no_16_796,46.76898969982858
wellbore_chev_no_16_797,45.45294385944257
wellbore_chev_no_16_798,47.95746078753942
wellbore_chev_no_16_799,46.45840337459558
wellbore_chev_no_16_800,40.29840973464505
wellbore_chev_no_16_801,25.586391237872448
wellbore_chev_no_16_802,53.47585841501777
wellbore_chev_no_16_803,53.615173903969804
wellbore_chev_no_16_804,32.35635554754049
wellbore_chev_no_16_805,34.824822155333976
wellbore_chev_no_16_806,33.72053097615759
wellbore_chev_no_16_807,35.072139600541874
wellbore_chev_no_16_808,42.34969463985752
wellbore_chev_no_16_809,2.3427488182889817
wellbore_chev_no_16_810,12.384847715640404
wellbore_chev_no_16_811,19.959254453855067
wellbore_chev_no_16_812,25.689811879704564
wellbore_chev_no_16_813,31.17973303749693
wellbore_chev_no_16_814,35.36571605246516
wellbore_chev_no_16_815,37.65268494572612
wellbore_chev_no_16_816,51.3666645823439
wellbore_chev_no_16_817,50.876592505846446
wellbore_chev_no_16_818,49.201957311894034
wellbore_chev_no_16_819,53.242625377008665
wellbore_chev_no_16_820,37.33928053354444
wellbore_chev_no_16_821,36.95890225592126
wellbore_chev_no_16_822,22.802602486734315
wellbore_chev_no_16_823,18.368044022722046
wellbore_chev_no_16_824,32.20761204939603
wellbore_chev_no_16_825,38.601165581319236
wellbore_chev_no_16_826,34.2464328982517
wellbore_chev_no_16_827,24.669331864160625
wellbore_chev_no_16_828,23.89731907166683
wellbore_chev_no_16_829,32.90372717171837
wellbore_chev_no_16_830,56.69239279669088
wellbore_chev_no_16_831,45.86130441996744
wellbore_chev_no_16_832,50.648972487684745
wellbore_chev_no_16_833,54.660609601782966
wellbore_chev_no_16_834,36.15405961130281
wellbore_chev_no_16_835,35.092649712990976
wellbore_chev_no_16_836,37.55049065659989
wellbore_chev_no_16_837,19.658633906470698
wellbore_chev_no_16_838,25.58792376088408
wellbore_chev_no_16_839,36.60306286430861
wellbore_chev_no_16_840,28.943270743242465
wellbore_chev_no_16_841,22.534374648716863
wellbore_chev_no_16_842,22.653711969217994
wellbore_chev_no_16_843,28.21484640021839
wellbore_chev_no_16_844,21.242191499725664
wellbore_chev_no_16_845,30.376925014334205
wellbore_chev_no_16_846,35.00765227584324
wellbore_chev_no_16_847,40.46268316095197
wellbore_chev_no_16_848,33.35074659539367
wellbore_chev_no_16_849,36.12850993754566
wellbore_chev_no_16_850,49.09893808684404
wellbore_chev_no_16_851,10.358152157814686
wellbore_chev_no_16_852,42.073403293405676
wellbore_chev_no_16_853,49.83668482848793
wellbore_chev_no_16_854,43.17748768313666
wellbore_chev_no_16_855,41.35959264162929
wellbore_chev_no_16_856,20.31881042094986
wellbore_chev_no_16_857,56.63315893384819
wellbore_chev_no_16_858,35.39927176926798
wellbore_chev_no_19_158,52.91648230203705
wellbore_chev_no_19_159,56.850942879762584
wellbore_chev_no_19_160,44.47873719000697
wellbore_chev_no_19_161,37.29791608334651
wellbore_chev_no_19_162,40.31053271226321
wellbore_chev_no_19_163,57.54116007952749
wellbore_chev_no_19_164,4.221195599204663
wellbore_chev_no_19_166,34.952614480927735
wellbore_chev_no_19_167,57.01349849028034
wellbore_chev_no_19_168,23.777681759573426
wellbore_chev_no_19_169,5.7068313875491015
wellbore_chev_no_19_170,29.54614419940023
wellbore_chev_no_19_171,38.72469163578134
wellbore_chev_no_19_172,41.502149035201995
wellbore_chev_no_19_173,4.962954116472247
wellbore_chev_no_19_174,15.677168866048959
wellbore_chev_no_19_175,58.666087269572216
wellbore_chev_no_19_176,73.62100215606583
wellbore_chev_no_19_177,0.8629224599554561
wellbore_chev_no_19_178,30.495913857238378
wellbore_chev_no_19_179,40.84181222414381
wellbore_chev_no_19_180,45.98064851677972
wellbore_chev_no_19_181,50.46552074474707
wellbore_chev_no_19_182,10.804523252922223
wellbore_chev_no_19_183,4.303261179660524
wellbore_chev_no_19_184,48.94299966330786
wellbore_chev_no_19_185,82.21300269855053
wellbore_chev_no_19_186,2.1269993939840504
wellbore_chev_no_19_187,2.615894003106831
wellbore_chev_no_19_188,27.11333022982231
wellbore_chev_no_19_189,1.4118026709076332
wellbore_chev_no_19_190,12.75508251529277
wellbore_chev_no_19_191,11.026445382565697
wellbore_chev_no_19_192,20.794711274943552
wellbore_chev_no_19_193,84.70554827689185
wellbore_chev_no_19_194,62.1704083656974
wellbore_chev_no_19_195,3.924808130151689
wellbore_chev_no_19_196,25.60845966872344
wellbore_chev_no_19_197,9.17844079379887
wellbore_chev_no_19_198,19.772139663447234
wellbore_chev_no_19_199,11.137989589812037
wellbore_chev_no_19_200,39.71443535515769
wellbore_chev_no_19_201,18.03778435472887
wellbore_chev_no_19_202,75.26507009262932
wellbore_chev_no_19_203,44.0372917357499
wellbore_chev_no_19_204,21.218436602467932
wellbore_chev_no_19_205,30.275041207778514
wellbore_chev_no_19_206,12.404808256682685
wellbore_chev_no_19_207,8.15017989481538
wellbore_chev_no_19_208,7.0282624311870165
wellbore_chev_no_19_209,12.050406673174876
wellbore_chev_no_19_210,23.861187705583376
wellbore_chev_no_19_211,101.08210424375554
wellbore_chev_no_19_212,39.217748681122345
wellbore_chev_no_19_213,10.566110412835968
wellbore_chev_no_19_214,46.03462800100468
wellbore_chev_no_19_215,2.229382140661528
wellbore_chev_no_19_216,2.541410382468456
wellbore_chev_no_19_217,16.834940169765105
wellbore_chev_no_19_218,25.206297050838742
wellbore_chev_no_19_219,48.21224742918295
wellbore_chev_no_19_220,35.30718140653042
wellbore_chev_no_19_221,37.39232222593253
wellbore_chev_no_19_222,55.077454658229016
wellbore_chev_no_19_223,25.558525468398017
wellbore_chev_no_19_224,15.772715930911062
wellbore_chev_no_19_225,8.407320786667356
wellbore_chev_no_19_226,21.33930347392183
wellbore_chev_no_19_227,35.32337750318763
wellbore_chev_no_19_228,49.02821154638096
wellbore_chev_no_19_229,26.477129645916392
wellbore_chev_no_19_230,3.7894903343451745
wellbore_chev_no_19_231,64.49641534886442
wellbore_chev_no_19_232,43.88577416125642
wellbore_chev_no_19_233,33.12704531297189
wellbore_chev_no_19_234,40.65163960050634
wellbore_chev_no_19_235,21.744695830321888
wellbore_chev_no_19_236,45.64197181647583
wellbore_chev_no_19_237,31.457266707562127
wellbore_chev_no_19_238,28.78257894482053
wellbore_chev_no_19_239,6.108913357009158
wellbore_chev_no_19_240,7.908583058443298
wellbore_chev_no_19_241,19.167370966664947
wellbore_chev_no_19_242,14.968006478246025
wellbore_chev_no_19_243,26.683341163985773
wellbore_chev_no_19_244,32.72171184106679
wellbore_chev_no_19_245,16.93412393902392
wellbore_chev_no_19_246,42.59408146245849
wellbore_chev_no_19_247,52.73294820333254
wellbore_chev_no_19_248,14.534275088159603
wellbore_chev_no_19_249,2.11633732891147
wellbore_chev_no_19_250,3.137203552718887
wellbore_chev_no_19_251,24.47190262962644
wellbore_chev_no_19_252,26.643934703664826
wellbore_chev_no_19_253,72.65912677766099
wellbore_chev_no_19_254,82.37809448616568
wellbore_chev_no_19_255,27.560177395580894
wellbore_chev_no_19_256,15.1597590136588
wellbore_chev_no_19_257,122.90030772058611
wellbore_chev_no_19_258,75.16447115919243
wellbore_chev_no_19_259,53.6319619828802
wellbore_chev_no_19_260,23.212600311964223
wellbore_chev_no_19_261,60.83202704729149
wellbore_chev_no_19_262,128.305556499231
wellbore_chev_no_19_263,92.1116131514832
wellbore_chev_no_19_264,57.74396702675901
wellbore_chev_no_19_265,30.873297592453326
wellbore_chev_no_19_266,92.13064145639044
wellbore_chev_no_19_267,103.0952370704658
wellbore_chev_no_19_268,168.01384759558633
wellbore_chev_no_19_269,18.266692019386227
wellbore_chev_no_19_270,28.33461496215591
wellbore_chev_no_19_271,28.10487304694894
wellbore_chev_no_19_272,19.86152394217615
wellbore_chev_no_19_273,22.481420794110562
wellbore_chev_no_19_274,23.827785445550234
wellbore_chev_no_19_275,29.165775424685705
wellbore_chev_no_19_276,13.04925033010997
wellbore_chev_no_19_277,14.480182051248136
wellbore_chev_no_19_278,22.167134608739815
wellbore_chev_no_19_279,31.083098213266737
wellbore_chev_no_19_280,24.983820889676167
wellbore_chev_no_19_281,9.833720075905063
wellbore_chev_no_19_282,16.543816811339042
wellbore_chev_no_19_283,28.351301950176236
wellbore_chev_no_19_284,33.286478331187794
wellbore_chev_no_19_285,20.979126230378398
wellbore_chev_no_19_286,22.633190692953036
wellbore_chev_no_19_287,25.146890526391843
wellbore_chev_no_19_288,31.318529984059666
wellbore_chev_no_19_289,25.72968971344747
wellbore_chev_no_19_290,11.21744940343757
wellbore_chev_no_19_291,24.142929026883934
wellbore_chev_no_19_292,28.056455233723938
wellbore_chev_no_19_293,32.850996444298715
wellbore_chev_no_19_294,15.248521800252377
wellbore_chev_no_19_295,19.364424456078922
wellbore_chev_no_19_296,25.02902785527951
wellbore_chev_no_19_297,30.711482421118745
wellbore_chev_no_19_298,27.433158692134725
wellbore_chev_no_19_299,20.76132801837116
wellbore_chev_no_19_300,28.12484919948318
wellbore_chev_no_19_301,34.473044625112294
wellbore_chev_no_19_302,37.4139291376101
wellbore_chev_no_19_303,15.518557154938321
wellbore_chev_no_19_304,22.088504396859804
wellbore_chev_no_19_305,28.915945543017614
wellbore_chev_no_19_306,40.01316931657419
wellbore_chev_no_19_307,39.74711666719742
wellbore_chev_no_19_308,37.906090126940995
wellbore_chev_no_19_309,33.04298717771101
wellbore_chev_no_19_310,40.48297690694574
wellbore_chev_no_19_311,33.0395168504692
wellbore_chev_no_19_312,40.88487107907139
wellbore_chev_no_19_313,41.70680475471974
wellbore_chev_no_19_314,42.58361451253356
wellbore_chev_no_19_315,43.583972808219954
wellbore_chev_no_19_316,39.27622913922335
wellbore_chev_no_19_317,38.754579374277455
wellbore_chev_no_19_318,43.3677599796483
wellbore_chev_no_19_319,44.123039031935974
wellbore_chev_no_19_320,44.463937248376055
wellbore_chev_no_19_321,43.42359240354301
wellbore_chev_no_19_322,44.13430544699517
wellbore_chev_no_19_323,45.85435163444501
wellbore_chev_no_19_324,58.38369072339361
wellbore_chev_no_19_325,43.37728724556777
wellbore_chev_no_19_326,50.37846964867259
wellbore_chev_no_19_327,49.77971437644902
wellbore_chev_no_19_328,61.10296576024186
wellbore_chev_no_19_329,54.8414794021661
wellbore_chev_no_19_330,45.83854007161156
wellbore_chev_no_19_331,54.02380062758132
wellbore_chev_no_19_332,47.45024977702363
wellbore_chev_no_19_333,47.8559877089061
wellbore_chev_no_19_334,47.59103718215769
wellbore_chev_no_19_335,48.10764424578366
wellbore_chev_no_19_336,48.45863045336196
wellbore_chev_no_19_337,58.64886444136323
wellbore_chev_no_19_338,54.46033139899305
wellbore_chev_no_19_339,46.2162886503329
wellbore_chev_no_19_340,52.34559748211896
wellbore_chev_no_19_341,49.46990500353118
wellbore_chev_no_19_342,50.622198788119505
wellbore_chev_no_19_343,53.6487025500476
wellbore_chev_no_19_344,56.62326272601166
wellbore_chev_no_19_345,61.23442155982977
wellbore_chev_no_19_346,59.33884944763909
wellbore_chev_no_19_347,58.40612246302456
wellbore_chev_no_19_348,55.08798106749029
wellbore_chev_no_19_349,59.05141582866179
wellbore_chev_no_19_350,66.51506793168579
wellbore_chev_no_19_351,67.50352528367634
wellbore_chev_no_19_352,53.13718454659218
wellbore_chev_no_19_353,57.133570398480856
wellbore_chev_no_19_354,61.94777023565797
wellbore_chev_no_19_355,69.38652516088146
wellbore_chev_no_19_356,57.69901647228804
wellbore_chev_no_19_357,53.53539357896145
wellbore_chev_no_19_358,53.73638501591256
wellbore_chev_no_19_359,53.6363071256516
wellbore_chev_no_19_360,53.96156878990084
wellbore_chev_no_19_361,54.26142655952509
wellbore_chev_no_19_362,54.36125728523979
wellbore_chev_no_19_363,68.84543559260734
wellbore_chev_no_19_364,70.99880050997723
wellbore_chev_no_19_365,58.71880655562762
wellbore_chev_no_19_366,56.021908700921415
wellbore_chev_no_19_367,55.81331901651248
wellbore_chev_no_19_368,56.12304975701417
wellbore_chev_no_19_369,56.38366640678984
wellbore_chev_no_19_370,57.503242230043355
wellbore_chev_no_19_371,57.35957200218337
wellbore_chev_no_19_372,57.675500493793635
wellbore_chev_no_19_373,56.902208825341944
wellbore_chev_no_19_374,58.58731929864027
wellbore_chev_no_19_375,57.71602325540931
wellbore_chev_no_19_376,58.27054183457622
wellbore_chev_no_19_377,57.36747655084389
wellbore_chev_no_19_378,58.22286111173068
wellbore_chev_no_19_379,59.02059851606987
wellbore_chev_no_19_380,59.010138169378905
wellbore_chev_no_19_381,58.47257505794272
wellbore_chev_no_19_382,58.84186952660738
wellbore_chev_no_19_383,61.408098562278155
wellbore_chev_no_19_384,61.01324951900028
wellbore_chev_no_19_385,60.91665710019154
wellbore_chev_no_19_386,60.3586488231673
wellbore_chev_no_19_387,60.03620057744931
wellbore_chev_no_19_388,59.62167374350457
wellbore_chev_no_19_389,47.72025784850956
wellbore_chev_no_19_390,34.00014851751658
wellbore_chev_no_19_391,53.27222793860497
wellbore_chev_no_19_392,104.86388284957789
wellbore_chev_no_19_393,136.23301927526188
wellbore_chev_no_19_394,136.42705069607788
wellbore_chev_no_19_395,128.96279390455155
wellbore_chev_no_19_396,129.83124971732917
wellbore_chev_no_19_397,125.46124244862784
wellbore_chev_no_19_398,148.15577688620095
wellbore_chev_no_19_399,153.997248083122
wellbore_chev_no_19_400,138.390222391923
wellbore_chev_no_19_401,136.3900901747654
wellbore_chev_no_19_402,154.02842920769328
wellbore_chev_no_19_403,158.60070030687527
wellbore_chev_no_19_404,153.2858309054231
wellbore_chev_no_19_405,152.00117333928242
wellbore_chev_no_19_406,149.94710407564423
wellbore_chev_no_19_407,147.40287947000894
wellbore_chev_no_19_408,158.43453059708852
wellbore_chev_no_19_409,138.00686169907257
wellbore_chev_no_19_410,132.68325832392514
wellbore_chev_no_19_411,133.816462092041
wellbore_chev_no_19_412,147.5947790534927
wellbore_chev_no_19_413,136.25628333081778
wellbore_chev_no_19_414,131.55808209028217
wellbore_chev_no_19_415,133.60770825929023
wellbore_chev_no_19_416,134.92904732306903
wellbore_chev_no_19_417,154.39800062964713
wellbore_chev_no_19_418,136.08517360957643
wellbore_chev_no_19_419,132.71104549542179
wellbore_chev_no_19_420,133.44247002904964
wellbore_chev_no_19_421,148.66248246886437
wellbore_chev_no_19_422,140.31737092784536
wellbore_chev_no_19_423,137.10798320421944
wellbore_chev_no_19_424,133.68626954797315
wellbore_chev_no_19_425,146.39487016261623
wellbore_chev_no_19_426,164.34928343137298
wellbore_chev_no_19_427,150.43747227262736
wellbore_chev_no_19_428,158.02990145454834
wellbore_chev_no_19_429,157.31304049141053
wellbore_chev_no_19_430,158.84047380702896
wellbore_chev_no_19_431,137.01736860021765
wellbore_chev_no_19_432,138.7094723280864
wellbore_chev_no_19_433,141.18360400163942
wellbore_chev_no_19_434,155.85405183698998
wellbore_chev_no_19_435,145.5660655100059
wellbore_chev_no_19_436,137.0813829267326
wellbore_chev_no_19_437,132.49633723008208
wellbore_chev_no_19_438,133.68523438111094
wellbore_chev_no_19_439,157.32876705430823
wellbore_chev_no_19_440,146.4804113475691
wellbore_chev_no_19_441,143.62940133726983
wellbore_chev_no_19_442,138.03509694039255
wellbore_chev_no_19_443,152.1272633816618
wellbore_chev_no_19_444,156.81510935683917
wellbore_chev_no_19_445,138.57143536362202
wellbore_chev_no_19_446,132.4304109503878
wellbore_chev_no_19_447,134.0119238377336
wellbore_chev_no_19_448,159.90137290718232
wellbore_chev_no_19_449,137.44258891819345
wellbore_chev_no_19_450,137.84570029380404
wellbore_chev_no_19_451,137.8475915291557
wellbore_chev_no_19_452,154.03251487525708
wellbore_chev_no_19_453,153.97677221901142
wellbore_chev_no_19_454,144.43025627488495
wellbore_chev_no_19_455,139.61800399832018
wellbore_chev_no_19_456,139.87394105313766
wellbore_chev_no_19_457,163.88377032898993
wellbore_chev_no_19_458,144.65508658234722
wellbore_chev_no_19_459,142.72910522126554
wellbore_chev_no_19_460,141.61989224695296
wellbore_chev_no_19_461,157.17562152930122
wellbore_chev_no_19_462,152.30156673206886
wellbore_chev_no_19_463,152.37329594544673
wellbore_chev_no_19_464,152.7826381016461
wellbore_chev_no_19_465,147.06129607371042
wellbore_chev_no_19_466,167.77396459996191
wellbore_chev_no_19_467,147.47713302981828
wellbore_chev_no_19_468,144.71581186858518
wellbore_chev_no_19_469,142.74610886870187
wellbore_chev_no_19_470,165.66304048626245
wellbore_chev_no_19_471,144.85906110877548
wellbore_chev_no_19_472,138.552932179545
wellbore_chev_no_19_473,137.1616778600561
wellbore_chev_no_19_474,147.18414502926672
wellbore_chev_no_19_475,150.15475583889517
wellbore_chev_no_19_476,137.46239632808647
wellbore_chev_no_19_477,136.4193564392162
wellbore_chev_no_19_478,137.16752229676115
wellbore_chev_no_19_479,169.8034629524028
wellbore_chev_no_19_480,156.9131313828932
wellbore_chev_no_19_481,161.46175589771312
wellbore_chev_no_19_482,158.3136840026702
wellbore_chev_no_19_483,160.9313707543441
wellbore_chev_no_19_484,158.0209731163263
wellbore_chev_no_19_485,143.95216720495333
wellbore_chev_no_19_486,137.51317776455795
wellbore_chev_no_19_487,141.36926627893322
wellbore_chev_no_19_488,167.42922595184066
wellbore_chev_no_19_489,149.73674945479652
wellbore_chev_no_19_490,144.59862443321072
wellbore_chev_no_19_491,139.00640342131157
wellbore_chev_no_19_492,158.3184525644621
wellbore_chev_no_19_493,151.63508195151996
wellbore_chev_no_19_494,154.02288309910506
wellbore_chev_no_19_495,153.38252550266964
wellbore_chev_no_19_496,138.69370598871708
wellbore_chev_no_19_497,171.82331289000348
wellbore_chev_no_19_498,162.316851235653
wellbore_chev_no_19_499,150.20761853385892
wellbore_chev_no_19_500,143.91097925693376
wellbore_chev_no_19_501,157.25158481015131
wellbore_chev_no_19_502,178.82931041701005
wellbore_chev_no_19_503,180.0652957735885
wellbore_chev_no_19_504,148.62831076970926
wellbore_chev_no_19_505,148.59360065910514
wellbore_chev_no_19_506,163.1559983242266
wellbore_chev_no_19_507,158.83142781174908
wellbore_chev_no_19_508,159.01951945887888
wellbore_chev_no_19_509,160.9356090781447
wellbore_chev_no_19_510,159.66458621198223
wellbore_chev_no_19_511,163.04770031833743
wellbore_chev_no_19_512,157.79902696275235
wellbore_chev_no_19_513,148.14214756265787
wellbore_chev_no_19_514,146.10326681674707
wellbore_chev_no_19_515,166.85365171007913
wellbore_chev_no_19_516,169.23002179215615
wellbore_chev_no_19_517,161.95313752125918
wellbore_chev_no_19_518,157.07816227716083
wellbore_chev_no_19_519,164.29664441350738
wellbore_chev_no_19_520,164.0095189559787
wellbore_chev_no_19_521,164.89898155671224
wellbore_chev_no_19_522,157.49183327194393
wellbore_chev_no_19_523,167.54207552225608
wellbore_chev_no_19_524,160.4915649841213
wellbore_chev_no_19_525,159.27712306802124
wellbore_chev_no_19_526,156.03974873529324
wellbore_chev_no_19_527,145.65730043043243
wellbore_chev_no_19_528,166.7416169438864
wellbore_chev_no_19_529,164.60663700138997
wellbore_chev_no_19_530,155.7237671936598
wellbore_chev_no_19_531,146.87409844514596
wellbore_chev_no_19_532,145.99211424060312
wellbore_chev_no_19_533,162.97561351636693
wellbore_chev_no_19_534,158.0277573141264
wellbore_chev_no_19_535,156.95928330435706
wellbore_chev_no_19_536,153.7376598661325
wellbore_chev_no_19_537,159.95634284911642
wellbore_chev_no_19_538,149.36872666225128
wellbore_chev_no_19_539,142.66672540585188
wellbore_chev_no_19_540,132.339852676224
wellbore_chev_no_19_541,154.9917425516104
wellbore_chev_no_19_542,148.80975756512052
wellbore_chev_no_19_543,164.3407216273748
wellbore_chev_no_19_544,149.69127814338725
wellbore_chev_no_19_545,132.0359275757396
wellbore_chev_no_19_546,174.71099663810273
wellbore_chev_no_19_547,170.25696283791774
wellbore_chev_no_19_548,167.81146691895316
wellbore_chev_no_19_549,160.06710339593133
wellbore_chev_no_19_550,173.0934983146196
wellbore_chev_no_19_551,170.28157406437296
wellbore_chev_no_19_552,159.70533602635035
wellbore_chev_no_19_553,151.0886861107617
wellbore_chev_no_19_554,143.10022655868966
wellbore_chev_no_19_555,170.76365664819573
wellbore_chev_no_19_556,160.90874846191687
wellbore_chev_no_19_557,156.96451569613777
wellbore_chev_no_19_558,146.65694491326093
wellbore_chev_no_19_559,162.74548476796508
wellbore_chev_no_19_560,157.49838878690525
wellbore_chev_no_19_561,155.56714964166991
wellbore_chev_no_19_562,144.8984794735673
wellbore_chev_no_19_563,148.4320997186997
wellbore_chev_no_19_564,174.2240288331296
wellbore_chev_no_19_565,163.18857341533908
wellbore_chev_no_19_566,158.17210292710146
wellbore_chev_no_19_567,149.0270262775337
wellbore_chev_no_19_568,165.782319290424
wellbore_chev_no_19_569,164.57192969581914
wellbore_chev_no_19_570,156.52536523704003
wellbore_chev_no_19_571,160.33382107852918
wellbore_chev_no_19_572,162.97460439318291
wellbore_chev_no_19_573,172.258157818792
wellbore_chev_no_19_574,164.26342380424552
wellbore_chev_no_19_575,157.8649639522768
wellbore_chev_no_19_576,150.07408716669832
wellbore_chev_no_19_577,169.96592117953028
wellbore_chev_no_19_578,166.38237188107558
wellbore_chev_no_19_579,168.77980795089385
wellbore_chev_no_19_580,171.04112728134382
wellbore_chev_no_19_581,175.3027126856805
wellbore_chev_no_19_582,158.46735097625643
wellbore_chev_no_19_583,155.8030035114536
wellbore_chev_no_19_584,156.18516801173573
wellbore_chev_no_19_585,154.97625361335201
wellbore_chev_no_19_586,167.67369629022258
wellbore_chev_no_19_587,173.38883867828156
wellbore_chev_no_19_588,173.1216672472005
wellbore_chev_no_19_589,168.72373776878854
wellbore_chev_no_19_590,172.59171397981547
wellbore_chev_no_19_591,177.00973017396387
wellbore_chev_no_19_592,167.54646839252672
wellbore_chev_no_19_593,165.96973023170938
wellbore_chev_no_19_594,165.8547694224606
wellbore_chev_no_19_595,175.716179050171
wellbore_chev_no_19_596,173.48647326697164
wellbore_chev_no_19_597,165.20586248933387
wellbore_chev_no_19_598,161.79198667038386
wellbore_chev_no_19_599,174.40266767050625
wellbore_chev_no_19_600,169.21524508364274
wellbore_chev_no_19_601,170.6927658105802
wellbore_chev_no_19_602,169.93048788016475
wellbore_chev_no_19_603,166.59806934990925
wellbore_chev_no_19_604,172.29444912336544
wellbore_chev_no_19_605,160.63110765021096
wellbore_chev_no_19_606,162.04494225094203
wellbore_chev_no_19_607,160.5559148011056
wellbore_chev_no_19_608,164.0286070681381
wellbore_chev_no_19_609,166.22537878302836
wellbore_chev_no_19_610,167.00072183719473
wellbore_chev_no_19_611,161.57778068582894
wellbore_chev_no_19_612,156.22233266059942
wellbore_chev_no_19_613,172.12436479047633
wellbore_chev_no_19_614,171.53462013808962
wellbore_chev_no_19_615,168.12452496354882
wellbore_chev_no_19_616,167.93801609195938
wellbore_chev_no_19_617,172.44417138543488
wellbore_chev_no_19_618,171.7886464532887
wellbore_chev_no_19_619,167.86261454642343
wellbore_chev_no_19_620,166.05805756890058
wellbore_chev_no_19_621,164.51069203019586
wellbore_chev_no_19_622,167.99675000917333
wellbore_chev_no_19_623,165.73083552953003
wellbore_chev_no_19_624,160.78692146792497
wellbore_chev_no_19_625,158.87130301609332
wellbore_chev_no_19_626,167.3570866544244
wellbore_chev_no_19_627,163.74675961719421
wellbore_chev_no_19_628,162.2155344668898
wellbore_chev_no_19_629,163.7435107315004
wellbore_chev_no_19_630,168.72460958894087
wellbore_chev_no_19_631,166.69929678916102
wellbore_chev_no_19_632,162.88040614676999
wellbore_chev_no_19_633,157.59114906533935
wellbore_chev_no_19_634,153.50744554029905
wellbore_chev_no_19_635,161.9443319242589
wellbore_chev_no_19_636,154.13702270640437
wellbore_chev_no_19_637,149.2839659674742
wellbore_chev_no_19_638,155.46374400011837
wellbore_chev_no_19_639,161.5047083327366
wellbore_chev_no_19_640,161.12692679425768
wellbore_chev_no_19_641,160.73481998353262
wellbore_chev_no_19_642,159.95349428946335
wellbore_chev_no_19_643,163.7563403603027
wellbore_chev_no_19_644,108.77376549490225
wellbore_chev_no_19_645,69.7742004017251
wellbore_chev_no_19_646,100.7355391187071
wellbore_chev_no_19_647,128.91235809344704
wellbore_chev_no_19_648,130.96858575448994
wellbore_chev_no_19_649,119.892226673289
wellbore_chev_no_19_650,84.93189232280216
wellbore_chev_no_19_651,69.03511481887509
wellbore_chev_no_19_652,39.77082188088201
wellbore_chev_no_19_653,87.19365737438619
wellbore_chev_no_19_654,84.6489848064567
wellbore_chev_no_19_655,50.474056239894054
wellbore_chev_no_19_656,86.90701729676991
wellbore_chev_no_19_657,109.88368566823175
wellbore_chev_no_19_658,60.28394403454715
wellbore_chev_no_19_659,75.81608455067783
wellbore_chev_no_19_660,105.07356195763697
wellbore_chev_no_19_661,58.47510850795916
wellbore_chev_no_19_662,54.814224564214555
wellbore_chev_no_19_663,52.365509251588406
wellbore_chev_no_19_664,57.74439226690728
wellbore_chev_no_19_665,59.939024089203116
wellbore_chev_no_19_666,61.1337202780461
wellbore_chev_no_19_667,63.895859556226895
wellbore_chev_no_19_668,61.096125375958906
wellbore_chev_no_19_669,63.58776485565855
wellbore_chev_no_19_670,66.8587411931083
wellbore_chev_no_19_671,67.39726218931767
wellbore_chev_no_19_672,70.91150182548768
wellbore_chev_no_19_673,72.98254705916
wellbore_chev_no_19_674,78.61952818796854
wellbore_chev_no_19_675,74.71055518917561
wellbore_chev_no_19_676,59.748201746240994
wellbore_chev_no_19_677,72.39731713612665
wellbore_chev_no_19_678,35.45099697222159
wellbore_chev_no_19_679,42.65094273276591
wellbore_chev_no_19_680,43.77218586854019
wellbore_chev_no_19_681,44.29625116848962
wellbore_chev_no_19_682,34.00271382800173
wellbore_chev_no_19_683,68.32770375490631
wellbore_chev_no_19_684,62.881264330136304
wellbore_chev_no_19_685,65.0993454889207
wellbore_chev_no_19_686,55.454432685803596
wellbore_chev_no_19_687,31.009923882941706
wellbore_chev_no_19_688,40.38151897326051
wellbore_chev_no_19_689,50.74579913034384
wellbore_chev_no_19_690,63.95513555556056
wellbore_chev_no_19_691,57.317607685718826
wellbore_chev_no_19_692,87.00121400331378
wellbore_chev_no_19_693,73.84421181300198
wellbore_chev_no_19_694,76.0248642413384
wellbore_chev_no_19_695,47.812043675209935
wellbore_chev_no_19_696,54.28351643354915
wellbore_chev_no_19_697,66.52186023510134
wellbore_chev_no_19_698,79.25043359544631
wellbore_chev_no_19_699,66.7158608655289
wellbore_chev_no_19_700,44.20197429416638
wellbore_chev_no_19_701,56.259179382985764
wellbore_chev_no_19_702,67.96842432213131
wellbore_chev_no_19_703,69.6827925214416
wellbore_chev_no_19_704,48.24177144106139
wellbore_chev_no_19_705,53.955933050475295
wellbore_chev_no_19_706,53.73755507972075
wellbore_chev_no_19_707,75.9689638964687
wellbore_chev_no_19_708,77.07000736244234
wellbore_chev_no_19_709,68.14435405123791
wellbore_chev_no_19_710,73.18103534004197
wellbore_chev_no_19_711,73.67534920485187
wellbore_chev_no_19_712,79.8683484115073
wellbore_chev_no_19_713,64.48657994891875
wellbore_chev_no_19_714,72.54326151025742
wellbore_chev_no_19_715,74.89570344133634
wellbore_chev_no_19_716,79.55868666631346
wellbore_chev_no_19_717,78.05357875151535
wellbore_chev_no_19_718,76.93672354738928
wellbore_chev_no_19_719,70.06832835644249
wellbore_chev_no_19_720,84.96993795261753
wellbore_chev_no_19_721,86.0360442923895
wellbore_chev_no_19_722,77.81953587608413
wellbore_chev_no_19_723,79.38286572538269
wellbore_chev_no_19_724,79.42914021318163
wellbore_chev_no_19_725,79.97508702662341
wellbore_chev_no_19_726,79.7295003265584
wellbore_chev_no_19_727,80.82371103753658
wellbore_chev_no_19_728,68.33681360635612
wellbore_chev_no_19_729,28.040711288365173
wellbore_chev_no_19_730,46.598795708104745
wellbore_chev_no_19_731,42.61484505510103
wellbore_chev_no_19_732,51.71751021224446
wellbore_chev_no_19_733,53.80882373186856
wellbore_chev_no_19_734,65.86564560577187
wellbore_chev_no_19_735,62.481277305026225
wellbore_chev_no_19_736,60.92271446327666
wellbore_chev_no_19_737,68.92773304141545
wellbore_chev_no_19_738,67.77018460631498
wellbore_chev_no_19_739,71.97891513712761
wellbore_chev_no_19_740,60.57283694469663
wellbore_chev_no_19_741,66.97238974600762
wellbore_chev_no_19_742,71.28077358056845
wellbore_chev_no_19_743,75.99121162893297
wellbore_chev_no_19_744,71.2759769040027
wellbore_chev_no_19_745,69.09542019420877
wellbore_chev_no_19_746,68.83751463082947
wellbore_chev_no_19_747,72.50498799512323
wellbore_chev_no_19_748,70.18832099608662
wellbore_chev_no_19_749,60.7195497569987
wellbore_chev_no_19_750,58.138288069886954
wellbore_chev_no_19_751,59.87093973451411
wellbore_chev_no_19_752,60.70139613715665
wellbore_chev_no_19_753,61.38320605183935
wellbore_chev_no_19_754,66.32933042849436
wellbore_chev_no_19_755,70.34293901285122
wellbore_chev_no_19_756,72.4259597869457
wellbore_chev_no_19_757,72.9750402159452
wellbore_chev_no_19_758,71.77839564083956
wellbore_chev_no_19_759,75.58699367968023
wellbore_chev_no_19_760,77.0779690351591
wellbore_chev_no_19_761,77.46968211663531
wellbore_chev_no_19_762,64.67157600063305
wellbore_chev_no_19_763,70.33853614110336
wellbore_chev_no_19_764,70.46317079820386
wellbore_chev_no_19_765,73.49174986078572
wellbore_chev_no_19_766,61.91457609855999
wellbore_chev_no_19_767,34.118840495993226
wellbore_chev_no_19_768,56.869518519167855
wellbore_chev_no_19_769,67.31241316891132
wellbore_chev_no_19_770,66.40338768582174
wellbore_chev_no_19_771,60.551416029612795
wellbore_chev_no_19_772,66.57436699878619
wellbore_chev_no_19_773,68.90620824001539
wellbore_chev_no_19_774,49.312270187633516
wellbore_chev_no_19_775,22.965135526244012
wellbore_chev_no_19_776,46.56686819329394
wellbore_chev_no_19_777,58.27206467422397
wellbore_chev_no_19_778,61.08912784449413
wellbore_chev_no_19_779,61.11359234715326
wellbore_chev_no_19_780,42.427538775924546
wellbore_chev_no_19_781,59.963881804663174
wellbore_chev_no_19_782,63.56829602251179
wellbore_chev_no_19_783,69.1320112400428
wellbore_chev_no_19_784,66.88389538299774
wellbore_chev_no_19_785,58.3943385444953
wellbore_chev_no_19_786,48.76049814596948
wellbore_chev_no_19_787,63.509315954813104
wellbore_chev_no_19_788,66.19728206980508
wellbore_chev_no_19_789,60.57187205893317
wellbore_chev_no_19_790,58.439809295583274
wellbore_chev_no_19_791,59.44316412096944
wellbore_chev_no_19_792,73.97557552550913
wellbore_chev_no_19_793,70.45512440177492
wellbore_chev_no_19_794,66.5845988155119
wellbore_chev_no_19_795,68.18109685667122
wellbore_chev_no_19_796,69.2045807097335
wellbore_chev_no_19_797,61.334375261869326
wellbore_chev_no_19_798,70.1522913475633
wellbore_chev_no_19_799,73.5003129479436
wellbore_chev_no_19_800,74.8611841455994
wellbore_chev_no_19_801,75.86502685711693
wellbore_chev_no_19_802,51.59401508217516
wellbore_chev_no_19_803,61.65211625943331
wellbore_chev_no_19_804,58.88961651910549
wellbore_chev_no_19_805,39.35405058349389
wellbore_chev_no_19_806,38.343393831100656
wellbore_chev_no_19_807,51.48656546413744
wellbore_chev_no_19_808,47.019049952202096
wellbore_chev_no_19_809,48.27816729710588
wellbore_chev_no_19_810,56.725517368404354
wellbore_chev_no_19_811,49.23377229208202
wellbore_chev_no_19_812,62.852206449801486
wellbore_chev_no_19_813,65.76657496120342
wellbore_chev_no_19_814,61.78552808077117
wellbore_chev_no_19_815,38.28740953447007
wellbore_chev_no_19_816,33.03136660254211
wellbore_chev_no_19_817,34.54206937268856
wellbore_chev_no_7_277,10.227187339648282
wellbore_chev_no_7_278,97.6235861603869
wellbore_chev_no_7_279,19.276095280418957
wellbore_chev_no_7_280,23.809741140181416
wellbore_chev_no_7_281,103.23235378945552
wellbore_chev_no_7_282,58.60972366125671
wellbore_chev_no_7_283,16.474134778602405
wellbore_chev_no_7_284,29.10553068858016
wellbore_chev_no_7_285,42.17216050303321
wellbore_chev_no_7_286,63.925867808060985
wellbore_chev_no_7_287,84.72061249534929
wellbore_chev_no_7_288,81.2560489858835
wellbore_chev_no_7_289,80.25014331630783
wellbore_chev_no_7_290,78.3989442033002
wellbore_chev_no_7_291,77.62882880944346
wellbore_chev_no_7_292,70.76949711912368
wellbore_chev_no_7_293,68.5515141891498
wellbore_chev_no_7_294,81.90643353370663
wellbore_chev_no_7_295,82.25962891733772
wellbore_chev_no_7_296,54.1597858417868
wellbore_chev_no_7_297,57.26915144563938
wellbore_chev_no_7_298,63.23355539353037
wellbore_chev_no_7_299,72.05865894723601
wellbore_chev_no_7_300,17.642294911660116
wellbore_chev_no_7_301,15.783302183091024
wellbore_chev_no_7_302,16.168463496675855
wellbore_chev_no_7_303,21.87015833847866
wellbore_chev_no_7_304,16.069824669174068
wellbore_chev_no_7_305,42.496244339278746
wellbore_chev_no_7_306,30.2831276513036
wellbore_chev_no_7_307,38.99378401096155
wellbore_chev_no_7_308,26.875367239309014
wellbore_chev_no_7_309,32.29768915371261
wellbore_chev_no_7_310,38.9477906282236
wellbore_chev_no_7_311,42.08335450374918
wellbore_chev_no_7_312,44.00581490118654
wellbore_chev_no_7_313,44.16941623233478
wellbore_chev_no_7_314,12.04423892189493
wellbore_chev_no_7_315,31.244227747883343
wellbore_chev_no_7_316,27.66890854363706
wellbore_chev_no_7_317,34.211640926578866
wellbore_chev_no_7_318,23.4928182831234
wellbore_chev_no_7_319,24.77073713655082
wellbore_chev_no_7_320,26.591809376101367
wellbore_chev_no_7_321,30.76968601293413
wellbore_chev_no_7_322,51.46636923391901
wellbore_chev_no_7_323,38.548886773592244
wellbore_chev_no_7_324,50.91109986494905
wellbore_chev_no_7_325,59.520897549214766
wellbore_chev_no_7_326,49.80041976298233
wellbore_chev_no_7_327,49.38979868030563
wellbore_chev_no_7_328,67.55092117077734
wellbore_chev_no_7_329,50.888850241362775
wellbore_chev_no_7_330,63.749022380145334
wellbore_chev_no_7_331,49.20779925638786
wellbore_chev_no_7_332,48.65999514186538
wellbore_chev_no_7_333,50.38845456353252
wellbore_chev_no_7_334,67.39567954042525
wellbore_chev_no_7_335,51.13343206119751
wellbore_chev_no_7_336,45.05290536466353
wellbore_chev_no_7_337,46.58585109292633
wellbore_chev_no_7_338,49.27650473822186
wellbore_chev_no_7_339,71.04042895217114
wellbore_chev_no_7_340,45.78341325239168
wellbore_chev_no_7_341,43.2486013791536
wellbore_chev_no_7_342,36.25246182953762
wellbore_chev_no_7_343,55.92682441427459
wellbore_chev_no_7_344,82.03491670192759
wellbore_chev_no_7_345,117.67083086638645
wellbore_chev_no_7_346,146.98836933711198
wellbore_chev_no_7_347,133.27289655866713
wellbore_chev_no_7_348,109.05532545601952
wellbore_chev_no_7_349,115.39854915488857
wellbore_chev_no_7_350,132.92156556376747
wellbore_chev_no_7_354,17.25470384685292
wellbore_chev_no_7_355,18.823799907821495
wellbore_chev_no_7_356,18.67741124167685
wellbore_chev_no_7_357,22.68626778570126
wellbore_chev_no_7_358,24.120811317036072
wellbore_chev_no_7_359,26.477914246740056
wellbore_chev_no_7_360,24.936220727451
wellbore_chev_no_7_361,21.91582017425975
wellbore_chev_no_7_362,25.420756985427886
wellbore_chev_no_7_363,27.344286196826204
wellbore_chev_no_7_364,20.065773554064123
wellbore_chev_no_7_365,24.656646896005242
wellbore_chev_no_7_366,16.792523642551714
wellbore_chev_no_7_367,16.890710730173822
wellbore_chev_no_7_368,17.375683163764307
wellbore_chev_no_7_369,16.215586993823365
wellbore_chev_no_7_370,14.351319837717227
wellbore_chev_no_7_371,16.896469109929683
wellbore_chev_no_7_372,15.965297927325707
wellbore_chev_no_7_373,14.929100576812601
wellbore_chev_no_7_374,9.141917476201087
wellbore_chev_no_7_375,11.964691241313886
wellbore_chev_no_7_376,12.708858445835801
wellbore_chev_no_7_377,11.54852673537809
wellbore_chev_no_7_378,11.836900901486132
wellbore_chev_no_7_379,6.898778841373002
wellbore_chev_no_7_380,9.00155191196481
wellbore_chev_no_7_381,9.0567020082392
wellbore_chev_no_7_382,8.913486921579675
wellbore_chev_no_7_383,9.345472570074918
wellbore_chev_no_7_390,39.4585277959747
wellbore_chev_no_7_391,39.83161508309203
wellbore_chev_no_7_392,34.52782207746793
wellbore_chev_no_7_393,37.25967536212522
wellbore_chev_no_7_394,37.88678939257906
wellbore_chev_no_7_395,37.47937730337563
wellbore_chev_no_7_396,33.09440763371265
wellbore_chev_no_7_397,32.283258133815394
wellbore_chev_no_7_398,30.822137257355365
wellbore_chev_no_7_399,30.510048881118934
wellbore_chev_no_7_400,30.55954431135811
wellbore_chev_no_7_401,27.70298357104369
wellbore_chev_no_7_402,25.51077384744113
wellbore_chev_no_7_403,29.192070267190786
wellbore_chev_no_7_404,30.827948470486007
wellbore_chev_no_7_405,31.612475270300678
wellbore_chev_no_7_406,31.749950851654376
wellbore_chev_no_7_407,32.409173403986756
wellbore_chev_no_7_408,33.256307330424335
wellbore_chev_no_7_409,32.83299562633894
wellbore_chev_no_7_410,23.889659553781343
wellbore_chev_no_7_411,27.277169616689633
wellbore_chev_no_7_412,28.766006665017102
wellbore_chev_no_7_413,29.0319619868325
wellbore_chev_no_7_414,25.107763589755166
wellbore_chev_no_7_415,24.671987181887886
wellbore_chev_no_7_416,25.31986281756582
wellbore_chev_no_7_417,23.304698113947637
wellbore_chev_no_7_418,22.345083872849244
wellbore_chev_no_7_419,14.659095808951719
wellbore_chev_no_7_420,15.020900745271973
wellbore_chev_no_7_421,15.03754825568032
wellbore_chev_no_7_422,15.923385360655743
wellbore_chev_no_7_423,30.389420113900798
wellbore_chev_no_7_424,56.5428179118737
wellbore_chev_no_7_425,54.868592176200224
wellbore_chev_no_7_426,50.34562426103784
wellbore_chev_no_7_427,50.32402535172065
wellbore_chev_no_7_428,48.69414661289923
wellbore_chev_no_7_429,53.013869652115886
wellbore_chev_no_7_430,53.485992354499814
wellbore_chev_no_7_431,54.0467015447536
wellbore_chev_no_7_432,46.33554960887707
wellbore_chev_no_7_433,49.59910133262659
wellbore_chev_no_7_434,48.72414222724839
wellbore_chev_no_7_435,48.801584561728276
wellbore_chev_no_7_436,45.8770411509318
wellbore_chev_no_7_437,43.486169220582326
wellbore_chev_no_7_438,45.414221321257884
wellbore_chev_no_7_439,46.56418882537514
wellbore_chev_no_7_440,46.44009539847437
wellbore_chev_no_7_441,35.7360182728857
wellbore_chev_no_7_442,38.66281122636562
wellbore_chev_no_7_443,39.16241913604941
wellbore_chev_no_7_444,39.98836735449257
wellbore_chev_no_7_445,36.942683064516956
wellbore_chev_no_7_446,36.96218222384749
wellbore_chev_no_7_447,36.429333731483666
wellbore_chev_no_7_448,51.28270443107945
wellbore_chev_no_7_449,57.22049634268231
wellbore_chev_no_7_450,49.627252441708976
wellbore_chev_no_7_451,53.65933893649978
wellbore_chev_no_7_452,54.349870565934395
wellbore_chev_no_7_453,55.62053705803831
wellbore_chev_no_7_454,52.47671954626614
wellbore_chev_no_7_455,56.251241145391106
wellbore_chev_no_7_456,56.42851454228585
wellbore_chev_no_7_457,56.635648291084834
wellbore_chev_no_7_458,56.79047760005264
wellbore_chev_no_7_459,52.95945232687947
wellbore_chev_no_7_460,55.6369615087188
wellbore_chev_no_7_461,55.79246395259716
wellbore_chev_no_7_462,55.82251075724312
wellbore_chev_no_7_463,52.07492362314625
wellbore_chev_no_7_464,49.40862160623516
wellbore_chev_no_7_465,47.44418778155281
wellbore_chev_no_7_466,48.158860704526234
wellbore_chev_no_7_467,48.195656649020435
wellbore_chev_no_7_468,46.30511868717619
wellbore_chev_no_7_469,47.23774895764129
wellbore_chev_no_7_470,46.60695198655074
wellbore_chev_no_7_471,45.44130810160098
wellbore_chev_no_7_472,42.23740930460562
wellbore_chev_no_7_473,42.90413635536129
wellbore_chev_no_7_474,43.562297113755136
wellbore_chev_no_7_475,42.89731385133166
wellbore_chev_no_7_476,42.15944124877049
wellbore_chev_no_7_477,37.965466081203374
wellbore_chev_no_7_478,39.55177000112806
wellbore_chev_no_7_479,39.7535044109392
wellbore_chev_no_7_480,37.367076777729466
wellbore_chev_no_7_481,37.77051888992278
wellbore_chev_no_7_483,66.57336676478562
wellbore_chev_no_7_484,63.81894126937641
wellbore_chev_no_7_485,60.595010438446394
wellbore_chev_no_7_486,65.23896978787027
wellbore_chev_no_7_487,64.33965730733095
wellbore_chev_no_7_488,63.83635651297382
wellbore_chev_no_7_489,65.34572677738967
wellbore_chev_no_7_490,61.670143790496894
wellbore_chev_no_7_491,63.47426665278343
wellbore_chev_no_7_492,64.80605493117355
wellbore_chev_no_7_493,64.8026015476944
wellbore_chev_no_7_494,64.0662649809158
wellbore_chev_no_7_495,66.41560072882916
wellbore_chev_no_7_496,67.29825606625158
wellbore_chev_no_7_497,67.7857459957352
wellbore_chev_no_7_498,67.79302534489807
wellbore_chev_no_7_499,64.30851346255037
wellbore_chev_no_7_500,66.56530568319866
wellbore_chev_no_7_501,72.45771854395159
wellbore_chev_no_7_502,73.05368491828207
wellbore_chev_no_7_503,71.68116200350258
wellbore_chev_no_7_504,71.65956133920449
wellbore_chev_no_7_505,71.47866522411428
wellbore_chev_no_7_506,71.4884033046516
wellbore_chev_no_7_507,70.90463127799606
wellbore_chev_no_7_508,68.72710325546709
wellbore_chev_no_7_509,71.75230167052106
wellbore_chev_no_7_510,72.0128715988472
wellbore_chev_no_7_511,70.08815159220171
wellbore_chev_no_7_512,68.74954309668996
wellbore_chev_no_7_513,69.0510368162802
wellbore_chev_no_7_514,69.6351031640259
wellbore_chev_no_7_515,69.89504932956802
wellbore_chev_no_7_516,68.55633160413973
wellbore_chev_no_7_517,67.8725579142484
wellbore_chev_no_7_518,66.76463407146619
wellbore_chev_no_7_519,67.89769226157952
wellbore_chev_no_7_520,67.19563756656993
wellbore_chev_no_7_521,68.2747785275262
wellbore_chev_no_7_522,70.68524356881616
wellbore_chev_no_7_523,72.19264301489582
wellbore_chev_no_7_524,73.65823419365805
wellbore_chev_no_7_525,73.61893355416655
wellbore_chev_no_7_526,75.46372976988349
wellbore_chev_no_7_527,74.38475360628647
wellbore_chev_no_7_528,72.44704272718135
wellbore_chev_no_7_529,74.95168017842877
wellbore_chev_no_7_530,56.38584685430692
wellbore_chev_no_7_531,32.28796461852312
wellbore_chev_no_7_532,32.17851935773618
wellbore_chev_no_7_533,32.364362123359086
wellbore_chev_no_7_534,31.86735140521762
wellbore_chev_no_7_535,32.4172585974072
wellbore_chev_no_7_536,32.08791953173275
wellbore_chev_no_7_537,33.35755805515922
wellbore_chev_no_7_538,32.4114997160859
wellbore_chev_no_7_539,32.27867053298834
wellbore_chev_no_7_540,31.98185940207219
wellbore_chev_no_7_541,32.00536527057514
wellbore_chev_no_7_542,32.12734427362619
wellbore_chev_no_7_543,33.09431956162862
wellbore_chev_no_7_544,32.29277734561609
wellbore_chev_no_7_545,35.015510097202906
wellbore_chev_no_7_546,44.04417997516032
wellbore_chev_no_7_547,44.10907425579495
wellbore_chev_no_7_548,44.42871418810765
wellbore_chev_no_7_549,23.038792782578213
wellbore_chev_no_7_550,5.5561584581788
wellbore_chev_no_7_551,18.857268610419453
wellbore_chev_no_7_552,35.320014738516164
wellbore_chev_no_7_553,102.63423482102209
wellbore_chev_no_7_554,126.02747313676582
wellbore_chev_no_7_555,136.67774494561212
wellbore_chev_no_7_556,128.19735793264135
wellbore_chev_no_7_557,103.66495887351638
wellbore_chev_no_7_558,128.01790955046252
wellbore_chev_no_7_559,120.63297533422734
wellbore_chev_no_7_560,119.31084359122539
wellbore_chev_no_7_561,97.71154397808672
wellbore_chev_no_7_562,117.9951976590983
wellbore_chev_no_7_563,121.78338576258741
wellbore_chev_no_7_564,116.74936301607849
wellbore_chev_no_7_565,111.64635532705043
wellbore_chev_no_7_566,75.45812587140779
wellbore_chev_no_7_567,85.43167078904395
wellbore_chev_no_7_568,88.2698265884934
wellbore_chev_no_7_569,89.17321739209345
wellbore_chev_no_7_570,76.57767760043359
wellbore_chev_no_7_571,79.95290908674176
wellbore_chev_no_7_572,76.49060690797495
wellbore_chev_no_7_573,76.96345316059137
wellbore_chev_no_7_574,88.91526449317081
wellbore_chev_no_7_575,97.82211272414312
wellbore_chev_no_7_576,101.32788053144955
wellbore_chev_no_7_577,100.94434897929668
wellbore_chev_no_7_578,100.6789898090152
wellbore_chev_no_7_579,95.6456147098308
wellbore_chev_no_7_580,101.31051283636691
wellbore_chev_no_7_581,100.12363924098699
wellbore_chev_no_7_582,100.16099478608285
wellbore_chev_no_7_583,96.47798999485966
wellbore_chev_no_7_584,107.63729440253161
wellbore_chev_no_7_585,111.58181620745233
wellbore_chev_no_7_586,113.07481017931345
wellbore_chev_no_7_587,112.37152106066233
wellbore_chev_no_7_588,102.30052561433001
wellbore_chev_no_7_589,118.378020956016
wellbore_chev_no_7_590,119.68475180329438
wellbore_chev_no_7_591,121.67611907044487
wellbore_chev_no_7_592,109.5866834308537
wellbore_chev_no_7_593,115.15916826768655
wellbore_chev_no_7_594,110.94068921776324
wellbore_chev_no_7_595,110.94823400803718
wellbore_chev_no_7_596,112.87528317089418
wellbore_chev_no_7_597,99.7618941227166
wellbore_chev_no_7_598,101.68175206345205
wellbore_chev_no_7_599,104.40289134372563
wellbore_chev_no_7_600,102.85647460809884
wellbore_chev_no_7_601,95.4380043723273
wellbore_chev_no_7_602,111.87217156094592
wellbore_chev_no_7_603,115.07975994913079
wellbore_chev_no_7_604,115.43606108556963
wellbore_chev_no_7_605,113.88437622211515
wellbore_chev_no_7_606,99.36816662392403
wellbore_chev_no_7_607,127.45065077204737
wellbore_chev_no_7_608,129.57139732341776
wellbore_chev_no_7_609,128.74522460181416
wellbore_chev_no_7_610,115.58941156250567
wellbore_chev_no_7_611,128.79563246209895
wellbore_chev_no_7_612,129.6653605389334
wellbore_chev_no_7_613,128.8991200638824
wellbore_chev_no_7_614,121.31989181508195
wellbore_chev_no_7_615,113.94607027900642
wellbore_chev_no_7_616,125.28300847612908
wellbore_chev_no_7_617,124.93797630387677
wellbore_chev_no_7_618,123.43588114491378
wellbore_chev_no_7_619,112.5343957110484
wellbore_chev_no_7_620,127.21763819134685
wellbore_chev_no_7_621,123.65499538174527
wellbore_chev_no_7_622,118.27968871196526
wellbore_chev_no_7_623,112.3074240819619
wellbore_chev_no_7_624,114.71598402283968
wellbore_chev_no_7_625,119.80798615232361
wellbore_chev_no_7_626,121.04197543898786
wellbore_chev_no_7_627,120.61622843069992
wellbore_chev_no_7_628,110.41673363540552
wellbore_chev_no_7_629,131.75424244806058
wellbore_chev_no_7_630,132.88609772446262
wellbore_chev_no_7_631,132.4495147054983
wellbore_chev_no_7_632,126.68179177129284
wellbore_chev_no_7_633,134.8859740945801
wellbore_chev_no_7_634,139.63101122892408
wellbore_chev_no_7_635,139.58030951388577
wellbore_chev_no_7_636,138.3050199989456
wellbore_chev_no_7_637,114.392393027352
wellbore_chev_no_7_638,145.00061365589153
wellbore_chev_no_7_639,145.04109044291457
wellbore_chev_no_7_640,145.31953481765584
wellbore_chev_no_7_641,127.52635863939376
wellbore_chev_no_7_642,141.36782889115386
wellbore_chev_no_7_643,142.02416902537988
wellbore_chev_no_7_644,137.86470719001403
wellbore_chev_no_7_645,140.46049784505306
wellbore_chev_no_7_646,111.3135534547061
wellbore_chev_no_7_647,119.03864456158654
wellbore_chev_no_7_648,103.05618809601393
wellbore_chev_no_7_649,89.26737615090806
wellbore_chev_no_7_650,88.75795040123174
wellbore_chev_no_7_651,89.36828949448264
wellbore_chev_no_7_652,89.64362977053742
wellbore_chev_no_7_653,92.51982849559701
wellbore_chev_no_7_654,90.52071302761001
wellbore_chev_no_7_655,92.35907461243917
wellbore_chev_no_7_656,93.50123161516743
wellbore_chev_no_7_657,92.56663582084119
wellbore_chev_no_7_658,97.7212365866059
wellbore_chev_no_7_659,99.0374404516327
wellbore_chev_no_7_660,100.59068219332278
wellbore_chev_no_7_661,98.27793885705037
wellbore_chev_no_7_662,94.57648890048984
wellbore_chev_no_7_663,90.09666788238943
wellbore_chev_no_7_664,89.55307917865653
wellbore_chev_no_7_665,90.27632650568495
wellbore_chev_no_7_666,89.0138038822839
wellbore_chev_no_7_667,95.44904502504798
wellbore_chev_no_7_668,94.21570620182308
wellbore_chev_no_7_669,91.54291827230662
wellbore_chev_no_7_670,88.48905366234715
wellbore_chev_no_7_671,91.2852684359365
wellbore_chev_no_7_672,89.68753690840762
wellbore_chev_no_7_673,89.17958175211862
wellbore_chev_no_7_674,92.01022088910386
wellbore_chev_no_7_675,95.0876219146829
wellbore_chev_no_7_676,95.70459822770852
wellbore_chev_no_7_677,93.5718960497239
wellbore_chev_no_7_678,89.35855979502728
wellbore_chev_no_7_679,93.46982611471046
wellbore_chev_no_7_680,90.82599979374456
wellbore_chev_no_7_681,90.86138537885003
wellbore_chev_no_7_682,91.32932995006396
wellbore_chev_no_7_683,98.37106140397697
wellbore_chev_no_7_684,90.92518905025773
wellbore_chev_no_7_685,93.61969751803352
wellbore_chev_no_7_686,94.0058120366053
wellbore_chev_no_7_687,91.6339828319457
wellbore_chev_no_7_688,96.62197074000105
wellbore_chev_no_7_689,94.47241068269264
wellbore_chev_no_7_690,98.49487079497575
wellbore_chev_no_7_691,97.47650065078838
wellbore_chev_no_7_692,95.33988490709098
wellbore_chev_no_7_693,96.13742847254113
wellbore_chev_no_7_694,93.73220606041963
wellbore_chev_no_7_695,85.4015164993107
wellbore_chev_no_7_696,93.6114001184524
wellbore_chev_no_7_697,93.86552668048006
wellbore_chev_no_7_698,91.66475948956221
wellbore_chev_no_7_699,91.00981499868087
wellbore_chev_no_7_700,96.35784823709432
wellbore_chev_no_7_701,92.66851041432469
wellbore_chev_no_7_702,88.19578527688591
wellbore_chev_no_7_703,90.05862531403719
wellbore_chev_no_7_704,87.59597653448824
wellbore_chev_no_7_705,90.04762376508882
wellbore_chev_no_7_706,88.52725830739595
wellbore_chev_no_7_707,88.62481964808862
wellbore_chev_no_7_708,86.89581508401437
wellbore_chev_no_7_709,87.10117631635185
wellbore_chev_no_7_710,86.28923446214088
wellbore_chev_no_7_711,86.84427289097928
wellbore_chev_no_7_712,85.70843981785251
wellbore_chev_no_7_713,82.57716485918266
wellbore_chev_no_7_714,80.99540824914087
wellbore_chev_no_7_715,85.27580302713505
wellbore_chev_no_7_716,86.4521818291544
wellbore_chev_no_7_717,81.45813528958578
wellbore_chev_no_7_718,79.4131788181731
wellbore_chev_no_7_719,78.95603983886323
wellbore_chev_no_7_720,77.6226262163498
wellbore_chev_no_7_721,77.52247745692145
wellbore_chev_no_7_722,79.76367637651978
wellbore_chev_no_7_723,76.88943227949625
wellbore_chev_no_7_724,79.7635972586518
wellbore_chev_no_7_725,78.2423226840578
wellbore_chev_no_7_726,74.09356000451046
wellbore_chev_no_7_727,72.06893761043406
wellbore_chev_no_7_728,71.93374320077262
wellbore_chev_no_7_729,70.56153750581694
wellbore_chev_no_7_730,70.8988442540259
wellbore_chev_no_7_731,70.88295498569843
wellbore_chev_no_7_732,71.57158782320818
wellbore_chev_no_7_733,71.0580456541268
wellbore_chev_no_7_734,70.07416809429589
wellbore_chev_no_7_735,69.9103062606525
wellbore_chev_no_7_736,69.4854871437837
wellbore_chev_no_7_737,69.14834918705915
wellbore_chev_no_7_738,68.81683359454999
wellbore_chev_no_7_739,70.28844572911945
wellbore_chev_no_7_740,68.01541323905627
wellbore_chev_no_7_741,66.01478667556594
wellbore_chev_no_7_742,66.78759980724337
wellbore_chev_no_7_743,65.82125811122378
wellbore_chev_no_7_744,65.91161955304165
wellbore_chev_no_7_745,65.5889424202592
wellbore_chev_no_7_746,65.24628180660662
wellbore_chev_no_7_747,65.42764936572763
wellbore_chev_no_7_748,1.224637923951974
wellbore_chev_no_7_749,3.987382582867639
wellbore_chev_no_7_750,3.495042043347098
wellbore_chev_no_7_751,5.819440928010096
wellbore_chev_no_7_752,5.030737000544775
wellbore_chev_no_7_753,6.734933080973434
wellbore_chev_no_7_754,5.912514146665018
wellbore_chev_no_7_755,64.57881721707255
wellbore_chev_no_7_756,61.532075550973104
wellbore_chev_no_7_757,61.334476157586636
wellbore_chev_no_7_758,60.66074609301921
wellbore_chev_no_7_759,60.91787064477822
wellbore_chev_no_7_760,60.50842515145479
wellbore_chev_no_7_761,60.070440193632066
wellbore_chev_no_7_762,60.740906206479025
wellbore_chev_no_7_763,61.08745363548897
wellbore_chev_no_7_764,59.82392502532204
wellbore_chev_no_7_765,58.39255681489186
wellbore_chev_no_7_766,59.03658260440076
wellbore_chev_no_7_767,57.557946053567235
wellbore_chev_no_7_768,57.08411276489062
wellbore_chev_no_7_769,56.80561276566877
wellbore_chev_no_7_770,56.39193176086371
wellbore_chev_no_7_771,55.9148232730677
wellbore_chev_no_7_772,56.36337463869714
wellbore_chev_no_7_773,57.49369391976117
wellbore_chev_no_7_774,55.34498586321243
wellbore_chev_no_7_775,56.15898448724002
wellbore_chev_no_7_776,56.14657948742692
wellbore_chev_no_7_777,55.91888263170827
wellbore_chev_no_7_778,57.44686080293363
wellbore_chev_no_7_779,55.831761760492014
wellbore_chev_no_7_780,53.25100830507503
wellbore_chev_no_7_781,55.90080689019143
wellbore_chev_no_7_782,56.132962133358745
wellbore_chev_no_7_783,56.13569642624688
wellbore_chev_no_7_784,54.65286205058024
